machine_id,timestamp,air_temperature,process_temperature,rotational_speed,torque,tool_wear,vibration,failure_label
M-100,2026-01-01T08:00:00,294.428,305.95,1482.92,34.12,10.305,0.2795,0
M-100,2026-01-01T08:05:00,294.893,305.59,1421.474,40.36,10.628,0.3425,0
M-100,2026-01-01T08:10:00,295.752,305.979,1422.57,39.254,11.066,0.2912,0
M-100,2026-01-01T08:15:00,295.169,305.684,1430.094,41.185,12.378,0.3176,0
M-100,2026-01-01T08:20:00,295.064,306.206,1467.95,39.371,11.572,0.3338,0
M-100,2026-01-01T08:25:00,295.093,305.667,1427.847,39.941,14.642,0.3602,0
M-100,2026-01-01T08:30:00,294.909,305.562,1480.191,40.151,12.886,0.3395,0
M-100,2026-01-01T08:35:00,295.549,306.202,1466.074,40.431,12.834,0.3298,0
M-100,2026-01-01T08:40:00,295.503,306.372,1481.412,35.381,14.679,0.3168,0
M-100,2026-01-01T08:45:00,295.153,306.092,1512.421,36.656,14.03,0.3543,0
M-100,2026-01-01T08:50:00,295.354,306.404,1481.272,40.097,13.317,0.3478,0
M-100,2026-01-01T08:55:00,295.31,306.861,1454.583,35.8,15.151,0.2933,0
M-100,2026-01-01T09:00:00,295.857,306.46,1485.83,37.663,15.081,0.3319,0
M-100,2026-01-01T09:05:00,295.425,306.667,1438.737,37.886,17.126,0.3194,0
M-100,2026-01-01T09:10:00,295.868,306.118,1462.436,39.69,15.804,0.3418,0
M-100,2026-01-01T09:15:00,295.543,306.142,1459.155,35.014,18.165,0.2893,0
M-100,2026-01-01T09:20:00,295.039,306.621,1430.052,37.835,16.677,0.369,0
M-100,2026-01-01T09:25:00,295.976,305.795,1454.208,36.636,18.144,0.3225,0
M-100,2026-01-01T09:30:00,294.596,306.579,1469.232,37.486,19.84,0.2923,0
M-100,2026-01-01T09:35:00,295.223,306.411,1461.055,42.307,19.572,0.328,0
M-100,2026-01-01T09:40:00,295.576,306.348,1507.114,40.596,18.977,0.3449,0
M-100,2026-01-01T09:45:00,294.78,305.767,1426.247,38.021,21.963,0.2982,0
M-100,2026-01-01T09:50:00,295.263,305.195,1422.159,39.555,21.635,0.3641,0
M-100,2026-01-01T09:55:00,296.934,306.246,1422.003,34.249,23.497,0.3503,0
M-100,2026-01-01T10:00:00,295.046,305.544,1450.56,41.193,21.187,0.3428,0
M-100,2026-01-01T10:05:00,294.644,304.815,1437.249,38.775,22.341,0.3933,0
M-100,2026-01-01T10:10:00,295.691,305.425,1411.527,36.802,23.13,0.3199,0
M-100,2026-01-01T10:15:00,294.633,306.13,1420.091,41.075,25.628,0.3577,0
M-100,2026-01-01T10:20:00,294.996,305.135,1465.978,37.953,23.843,0.3061,0
M-100,2026-01-01T10:25:00,295.047,306.375,1454.633,38.668,23.222,0.3504,0
M-100,2026-01-01T10:30:00,295.006,305.082,1486.433,39.996,26.306,0.3934,0
M-100,2026-01-01T10:35:00,294.148,304.411,1504.204,42.819,25.683,0.3408,0
M-100,2026-01-01T10:40:00,295.562,304.474,1413.858,40.44,25.617,0.3343,0
M-100,2026-01-01T10:45:00,294.609,305.251,1493.247,39.259,26.495,0.367,0
M-100,2026-01-01T10:50:00,294.617,304.459,1400.212,37.066,24.95,0.3349,0
M-100,2026-01-01T10:55:00,293.863,304.907,1424.898,38.416,28.416,0.3812,0
M-100,2026-01-01T11:00:00,295.281,304.726,1416.56,38.649,28.538,0.3586,0
M-100,2026-01-01T11:05:00,293.909,304.812,1448.093,44.686,28.677,0.4079,0
M-100,2026-01-01T11:10:00,294.313,303.828,1418.738,39.82,28.147,0.3868,0
M-100,2026-01-01T11:15:00,294.083,303.376,1433.159,36.814,28.771,0.3359,0
M-100,2026-01-01T11:20:00,294.37,303.577,1387.082,43.849,29.123,0.3138,0
M-100,2026-01-01T11:25:00,295.418,306.354,1397.142,38.366,29.403,0.3632,0
M-100,2026-01-01T11:30:00,293.858,304.454,1465.219,40.266,32.729,0.3476,0
M-100,2026-01-01T11:35:00,293.645,304.459,1428.702,39.765,31.366,0.3398,0
M-100,2026-01-01T11:40:00,294.966,304.707,1450.498,39.416,32.472,0.3585,0
M-100,2026-01-01T11:45:00,294.599,304.579,1511.754,42.733,31.778,0.3688,0
M-100,2026-01-01T11:50:00,293.835,305.385,1448.138,40.346,32.237,0.3057,0
M-100,2026-01-01T11:55:00,294.726,304.048,1423.023,39.957,34.427,0.3635,0
M-100,2026-01-01T12:00:00,294.455,304.617,1445.58,42.586,33.708,0.2837,0
M-100,2026-01-01T12:05:00,294.651,305.008,1428.057,35.506,34.263,0.3715,0
M-100,2026-01-01T12:10:00,293.757,305.42,1430.52,39.334,36.727,0.3345,0
M-100,2026-01-01T12:15:00,295.368,305.329,1503.693,41.997,35.166,0.3765,0
M-100,2026-01-01T12:20:00,294.951,305.561,1433.81,39.656,37.744,0.347,0
M-100,2026-01-01T12:25:00,294.121,305.624,1438.717,42.076,37.49,0.39,0
M-100,2026-01-01T12:30:00,295.234,304.305,1444.304,36.974,38.821,0.3543,0
M-100,2026-01-01T12:35:00,296.368,306.527,1332.465,49.233,39.011,0.6217,1
M-100,2026-01-01T12:40:00,295.835,307.138,1420.576,40.452,37.329,0.5563,0
M-100,2026-01-01T12:45:00,296.098,307.715,1318.388,45.442,38.572,0.6032,1
M-100,2026-01-01T12:50:00,296.888,307.266,1411.557,46.641,37.418,0.6438,0
M-100,2026-01-01T12:55:00,296.409,307.483,1382.69,47.323,40.568,0.6566,1
M-100,2026-01-01T13:00:00,296.135,307.437,1367.441,45.319,39.847,0.5962,0
M-100,2026-01-01T13:05:00,295.673,307.249,1425.25,46.815,39.756,0.6274,0
M-100,2026-01-01T13:10:00,296.785,307.745,1468.3,47.623,41.857,0.5672,0
M-100,2026-01-01T13:15:00,296.262,307.756,1423.718,45.799,43.104,0.628,1
M-100,2026-01-01T13:20:00,295.705,307.427,1427.185,46.224,40.399,0.5103,0
M-100,2026-01-01T13:25:00,296.354,307.143,1415.762,48.352,40.19,0.5925,0
M-100,2026-01-01T13:30:00,296.627,307.999,1365.746,47.755,43.76,0.6367,1
M-100,2026-01-01T13:35:00,296.454,308.238,1371.703,49.114,44.321,0.6927,1
M-100,2026-01-01T13:40:00,295.56,306.471,1329.793,44.188,42.007,0.5781,0
M-100,2026-01-01T13:45:00,296.538,308.238,1448.259,46.817,44.215,0.6362,0
M-100,2026-01-01T13:50:00,296.118,307.441,1340.146,46.25,45.092,0.6224,1
M-100,2026-01-01T13:55:00,296.546,305.57,1475.742,37.563,46.304,0.3976,0
M-100,2026-01-01T14:00:00,294.587,306.947,1440.697,38.66,45.869,0.3505,0
M-100,2026-01-01T14:05:00,295.816,306.257,1473.109,40.63,45.846,0.4221,0
M-100,2026-01-01T14:10:00,294.748,306.98,1449.593,42.318,46.657,0.3955,0
M-100,2026-01-01T14:15:00,295.724,307.469,1533.342,40.047,47.369,0.3901,0
M-100,2026-01-01T14:20:00,295.033,306.447,1459.063,40.654,49.076,0.3633,0
M-100,2026-01-01T14:25:00,294.318,305.517,1443.112,39.231,46.91,0.4426,0
M-100,2026-01-01T14:30:00,294.883,306.327,1444.003,39.379,50.106,0.3958,0
M-100,2026-01-01T14:35:00,295.175,306.681,1417.266,40.019,50.119,0.4681,0
M-100,2026-01-01T14:40:00,296.095,306.014,1476.454,39.884,50.223,0.3853,0
M-100,2026-01-01T14:45:00,295.484,305.36,1478.241,42.376,49.721,0.4005,0
M-100,2026-01-01T14:50:00,295.435,305.592,1486.447,35.999,50.714,0.3812,0
M-100,2026-01-01T14:55:00,294.298,306.499,1483.746,38.398,49.509,0.344,0
M-100,2026-01-01T15:00:00,294.756,307.034,1466.317,38.73,49.035,0.4022,0
M-100,2026-01-01T15:05:00,294.825,305.542,1446.75,41.777,50.939,0.402,0
M-100,2026-01-01T15:10:00,294.543,305.921,1505.448,38.012,53.668,0.37,0
M-100,2026-01-01T15:15:00,294.751,306.127,1431.637,43.395,54.836,0.4026,0
M-100,2026-01-01T15:20:00,295.653,304.972,1412.912,39.183,54.258,0.4112,0
M-100,2026-01-01T15:25:00,295.082,304.774,1484.802,34.85,52.934,0.3717,0
M-100,2026-01-01T15:30:00,294.219,305.159,1437.199,39.575,53.314,0.3912,0
M-100,2026-01-01T15:35:00,294.065,305.354,1465.589,41.075,55.703,0.417,0
M-100,2026-01-01T15:40:00,295.69,304.804,1430.665,38.594,56.296,0.3704,0
M-100,2026-01-01T15:45:00,294.038,304.748,1452.237,40.323,55.256,0.3765,0
M-100,2026-01-01T15:50:00,294.896,304.637,1416.925,41.523,57.9,0.4099,0
M-100,2026-01-01T15:55:00,294.42,304.843,1407.654,40.66,56.052,0.3572,0
M-100,2026-01-01T16:00:00,295.119,304.497,1451.364,35.072,59.336,0.3721,0
M-100,2026-01-01T16:05:00,293.825,305.05,1508.189,37.74,58.206,0.3796,0
M-100,2026-01-01T16:10:00,295.29,303.872,1446.784,44.376,59.235,0.3571,0
M-100,2026-01-01T16:15:00,294.167,304.288,1466.441,40.86,58.219,0.3515,0
M-100,2026-01-01T16:20:00,294.086,305.371,1416.114,39.02,60.515,0.4252,0
M-100,2026-01-01T16:25:00,294.662,303.612,1457.138,38.175,61.263,0.4173,0
M-100,2026-01-01T16:30:00,294.679,304.167,1393.786,41.953,59.576,0.4145,0
M-100,2026-01-01T16:35:00,295.258,304.425,1440.313,41.027,60.886,0.391,0
M-100,2026-01-01T16:40:00,294.198,304.49,1487.525,38.21,62.471,0.3401,0
M-100,2026-01-01T16:45:00,295.932,304.552,1372.813,39.881,64.111,0.4068,0
M-100,2026-01-01T16:50:00,293.962,305.209,1459.845,37.225,62.81,0.434,0
M-100,2026-01-01T16:55:00,294.718,304.733,1437.508,41.976,65.553,0.3661,0
M-100,2026-01-01T17:00:00,294.463,306.126,1437.465,44.236,64.164,0.3824,0
M-100,2026-01-01T17:05:00,294.912,304.583,1450.933,43.271,65.087,0.4074,0
M-100,2026-01-01T17:10:00,294.788,304.655,1433.969,40.353,63.308,0.3628,0
M-100,2026-01-01T17:15:00,295.127,304.979,1357.463,42.282,63.884,0.4232,0
M-100,2026-01-01T17:20:00,294.203,305.892,1460.768,45.853,65.286,0.4301,0
M-100,2026-01-01T17:25:00,294.902,305.98,1471.748,43.429,66.888,0.4048,0
M-100,2026-01-01T17:30:00,294.797,306.065,1503.645,39.653,66.565,0.4071,0
M-100,2026-01-01T17:35:00,294.991,306.26,1373.706,38.894,67.814,0.3986,0
M-100,2026-01-01T17:40:00,294.66,305.236,1446.765,43.076,65.68,0.4109,0
M-100,2026-01-01T17:45:00,295.221,306.508,1420.883,38.696,67.469,0.4382,0
M-100,2026-01-01T17:50:00,295.667,305.958,1480.777,38.474,68.778,0.4234,0
M-100,2026-01-01T17:55:00,294.697,305.111,1481.319,39.999,69.289,0.3941,0
M-100,2026-01-01T18:00:00,296.737,305.756,1355.945,44.766,69.904,0.6497,1
M-100,2026-01-01T18:05:00,296.724,306.708,1360.05,49.016,70.783,0.6452,1
M-100,2026-01-01T18:10:00,296.378,307.819,1395.561,50.973,71.549,0.705,1
M-100,2026-01-01T18:15:00,295.419,308.503,1422.266,48.15,69.88,0.658,1
M-100,2026-01-01T18:20:00,296.774,308.421,1429.304,46.066,72.099,0.583,0
M-100,2026-01-01T18:25:00,296.257,306.963,1473.338,52.028,72.511,0.6806,1
M-100,2026-01-01T18:30:00,297.045,308.175,1407.376,52.032,72.079,0.7008,1
M-100,2026-01-01T18:35:00,297.07,308.204,1319.57,50.754,74.24,0.7049,1
M-100,2026-01-01T18:40:00,297.223,308.434,1459.529,47.47,72.72,0.6514,1
M-100,2026-01-01T18:45:00,296.54,306.927,1415.665,48.313,74.512,0.611,1
M-100,2026-01-01T18:50:00,296.508,308.836,1422.735,49.423,74.949,0.6944,1
M-100,2026-01-01T18:55:00,296.557,307.273,1375.678,48.98,75.544,0.6865,1
M-100,2026-01-01T19:00:00,296.433,306.205,1406.063,49.251,76.511,0.6495,1
M-100,2026-01-01T19:05:00,295.502,305.715,1421.691,41.859,77.526,0.4509,0
M-100,2026-01-01T19:10:00,296.043,306.078,1415.219,40.429,78.287,0.4474,0
M-100,2026-01-01T19:15:00,295.072,306.237,1440.165,39.71,77.298,0.4485,0
M-100,2026-01-01T19:20:00,295.471,306.17,1416.864,40.045,77.598,0.4828,0
M-100,2026-01-01T19:25:00,294.116,304.803,1456.621,41.162,77.338,0.4357,0
M-100,2026-01-01T19:30:00,293.749,306.067,1509.041,38.727,80.214,0.433,0
M-100,2026-01-01T19:35:00,294.664,305.539,1503.088,45.192,78.747,0.4317,0
M-100,2026-01-01T19:40:00,295.111,306.689,1448.556,41.565,81.905,0.4584,0
M-100,2026-01-01T19:45:00,295.493,305.113,1484.41,40.551,83.679,0.4359,0
M-100,2026-01-01T19:50:00,294.975,305.604,1449.652,42.017,81.909,0.4602,0
M-100,2026-01-01T19:55:00,295.259,304.749,1397.36,41.054,79.563,0.4457,0
M-100,2026-01-01T20:00:00,295.284,304.436,1432.302,39.966,81.306,0.445,0
M-100,2026-01-01T20:05:00,294.21,305.581,1447.497,37.149,82.779,0.3902,0
M-100,2026-01-01T20:10:00,294.583,304.995,1443.118,41.816,82.988,0.4778,0
M-100,2026-01-01T20:15:00,294.004,304.317,1453.087,44.034,82.389,0.4354,0
M-100,2026-01-01T20:20:00,293.66,304.396,1422.419,40.361,81.498,0.4479,0
M-100,2026-01-01T20:25:00,295.127,304.42,1410.823,42.421,84.188,0.4055,0
M-100,2026-01-01T20:30:00,294.565,304.675,1495.768,40.047,85.39,0.5155,0
M-100,2026-01-01T20:35:00,293.771,304.753,1401.806,39.757,85.275,0.4654,0
M-100,2026-01-01T20:40:00,294.103,305.26,1479.413,44.622,86.556,0.4717,0
M-100,2026-01-01T20:45:00,293.389,304.444,1408.118,41.777,87.863,0.441,0
M-100,2026-01-01T20:50:00,295.444,304.511,1452.651,40.962,86.834,0.4586,0
M-100,2026-01-01T20:55:00,294.648,305.301,1495.678,42.181,87.506,0.4752,0
M-100,2026-01-01T21:00:00,294.353,305.166,1468.327,41.94,86.849,0.4829,0
M-100,2026-01-01T21:05:00,295.068,304.786,1425.715,42.298,88.991,0.3723,0
M-100,2026-01-01T21:10:00,292.416,303.6,1454.269,42.626,89.383,0.426,0
M-100,2026-01-01T21:15:00,295.198,304.376,1517.394,41.547,88.788,0.4721,0
M-200,2026-01-01T21:20:00,296.272,305.999,1491.16,41.386,11.617,0.33,0
M-200,2026-01-01T21:25:00,295.858,307.254,1497.542,40.788,10.244,0.3653,0
M-200,2026-01-01T21:30:00,296.671,306.199,1461.189,43.879,11.223,0.3578,0
M-200,2026-01-01T21:35:00,296.64,307.172,1445.351,41.908,10.083,0.3902,0
M-200,2026-01-01T21:40:00,296.806,306.144,1511.746,40.829,12.374,0.3578,0
M-200,2026-01-01T21:45:00,297.33,308.151,1547.347,41.293,13.371,0.3846,0
M-200,2026-01-01T21:50:00,296.638,307.235,1531.252,41.42,13.767,0.3529,0
M-200,2026-01-01T21:55:00,296.97,307.233,1515.328,42.998,13.086,0.3623,0
M-200,2026-01-01T22:00:00,296.874,306.558,1554.797,40.489,14.756,0.3269,0
M-200,2026-01-01T22:05:00,296.143,307.389,1495.513,40.797,13.455,0.3928,0
M-200,2026-01-01T22:10:00,296.912,307.652,1527.319,36.976,15.34,0.3667,0
M-200,2026-01-01T22:15:00,296.784,307.443,1542.872,44.146,13.32,0.3801,0
M-200,2026-01-01T22:20:00,297.05,307.158,1506.615,43.789,15.5,0.3612,0
M-200,2026-01-01T22:25:00,297.168,306.92,1540.991,43.229,17.306,0.3842,0
M-200,2026-01-01T22:30:00,296.327,307.177,1525.989,39.547,16.238,0.3924,0
M-200,2026-01-01T22:35:00,296.685,307.562,1592.524,38.62,16.258,0.4234,0
M-200,2026-01-01T22:40:00,297.013,307.552,1522.309,41.388,18.15,0.4263,0
M-200,2026-01-01T22:45:00,297.393,307.068,1504.289,39.363,18.044,0.3961,0
M-200,2026-01-01T22:50:00,296.703,307.3,1466.9,41.313,20.445,0.339,0
M-200,2026-01-01T22:55:00,296.839,308.163,1603.613,40.453,18.587,0.4265,0
M-200,2026-01-01T23:00:00,296.594,307.575,1506.71,42.053,20.244,0.3742,0
M-200,2026-01-01T23:05:00,295.785,307.643,1493.993,40.453,19.102,0.3846,0
M-200,2026-01-01T23:10:00,296.684,306.784,1545.625,45.346,21.795,0.4041,0
M-200,2026-01-01T23:15:00,297.215,307.776,1523.13,43.215,22.474,0.406,0
M-200,2026-01-01T23:20:00,296.86,306.198,1472.676,44.704,20.903,0.4128,0
M-200,2026-01-01T23:25:00,296.264,306.229,1490.855,42.184,23.987,0.3955,0
M-200,2026-01-01T23:30:00,296.151,307.036,1463.398,42.956,24.134,0.3935,0
M-200,2026-01-01T23:35:00,296.155,306.617,1487.238,45.807,22.75,0.388,0
M-200,2026-01-01T23:40:00,295.065,306.091,1486.158,40.441,23.756,0.4342,0
M-200,2026-01-01T23:45:00,296.86,306.565,1495.336,41.778,24.335,0.3939,0
M-200,2026-01-01T23:50:00,294.81,305.228,1473.702,42.101,26.719,0.4188,0
M-200,2026-01-01T23:55:00,295.81,306.943,1527.478,42.444,25.973,0.4256,0
M-200,2026-01-02T00:00:00,295.65,306.657,1494.045,42.054,26.273,0.4415,0
M-200,2026-01-02T00:05:00,295.12,305.437,1476.271,41.402,24.049,0.3481,0
M-200,2026-01-02T00:10:00,295.37,307.54,1550.931,41.135,26.015,0.3859,0
M-200,2026-01-02T00:15:00,294.743,305.918,1451.919,41.867,26.351,0.3494,0
M-200,2026-01-02T00:20:00,295.828,306.139,1500.53,39.184,27.238,0.4247,0
M-200,2026-01-02T00:25:00,296.053,305.851,1436.931,41.412,27.7,0.4108,0
M-200,2026-01-02T00:30:00,295.593,306.725,1519.676,41.62,29.613,0.4258,0
M-200,2026-01-02T00:35:00,296.721,305.027,1451.423,45.524,31.434,0.3748,0
M-200,2026-01-02T00:40:00,295.354,305.984,1479.844,40.716,28.677,0.3814,0
M-200,2026-01-02T00:45:00,295.124,307.08,1493.56,44.142,29.788,0.3889,0
M-200,2026-01-02T00:50:00,295.208,304.11,1434.782,38.249,30.814,0.338,0
M-200,2026-01-02T00:55:00,296.33,305.675,1528.195,43.116,30.305,0.428,0
M-200,2026-01-02T01:00:00,295.897,306.151,1463.004,43.475,31.099,0.423,0
M-200,2026-01-02T01:05:00,295.007,305.026,1486.521,42.997,31.95,0.3837,0
M-200,2026-01-02T01:10:00,295.961,306.142,1538.257,45.13,33.027,0.3794,0
M-200,2026-01-02T01:15:00,295.384,306.441,1486.906,41.501,35.184,0.3591,0
M-200,2026-01-02T01:20:00,294.854,306.448,1538.328,40.6,33.828,0.42,0
M-200,2026-01-02T01:25:00,295.408,306.395,1484.726,46.178,33.775,0.3963,0
M-200,2026-01-02T01:30:00,295.855,306.479,1471.368,42.331,35.999,0.4113,0
M-200,2026-01-02T01:35:00,296.217,306.47,1508.836,45.768,34.664,0.4559,0
M-200,2026-01-02T01:40:00,296.115,305.79,1490.007,41.106,35.625,0.4627,0
M-200,2026-01-02T01:45:00,295.85,306.97,1414.419,38.044,36.864,0.4402,0
M-200,2026-01-02T01:50:00,296.17,305.553,1490.834,46.89,37.06,0.4414,0
M-200,2026-01-02T01:55:00,296.976,307.809,1338.423,52.674,37.67,0.7312,1
M-200,2026-01-02T02:00:00,296.5,306.851,1410.482,48.575,36.424,0.533,0
M-200,2026-01-02T02:05:00,297.485,307.694,1348.777,47.572,39.114,0.6734,1
M-200,2026-01-02T02:10:00,297.085,307.437,1455.087,49.364,36.222,0.6793,0
M-200,2026-01-02T02:15:00,298.491,308.32,1431.39,48.935,40.065,0.7458,1
M-200,2026-01-02T02:20:00,296.816,307.923,1394.789,49.073,39.239,0.6297,0
M-200,2026-01-02T02:25:00,296.451,308.153,1466.667,45.7,40.793,0.6072,0
M-200,2026-01-02T02:30:00,297.67,308.76,1496.914,52.106,41.877,0.6971,1
M-200,2026-01-02T02:35:00,297.597,308.313,1437.857,53.334,44.211,0.7018,1
M-200,2026-01-02T02:40:00,298.612,308.459,1428.208,50.654,40.968,0.6005,0
M-200,2026-01-02T02:45:00,297.833,307.751,1457.026,54.098,42.247,0.656,1
M-200,2026-01-02T02:50:00,297.422,308.535,1426.521,50.274,42.624,0.7062,1
M-200,2026-01-02T02:55:00,298.344,308.798,1439.201,49.791,41.767,0.753,1
M-200,2026-01-02T03:00:00,298.001,307.551,1485.489,49.701,45.246,0.5633,0
M-200,2026-01-02T03:05:00,297.83,309.018,1452.994,50.62,44.476,0.6903,1
M-200,2026-01-02T03:10:00,296.201,308.707,1431.202,47.394,46.226,0.688,0
M-200,2026-01-02T03:15:00,296.202,307.701,1474.939,41.392,46.749,0.4785,0
M-200,2026-01-02T03:20:00,297.048,306.368,1572.053,44.144,45.457,0.4263,0
M-200,2026-01-02T03:25:00,296.005,308.18,1495.266,42.434,47.076,0.42,0
M-200,2026-01-02T03:30:00,297.142,307.593,1529.007,42.837,46.419,0.449,0
M-200,2026-01-02T03:35:00,297.959,306.458,1549.78,45.893,47.081,0.4092,0
M-200,2026-01-02T03:40:00,297.246,307.93,1505.949,42.531,50.229,0.4341,0
M-200,2026-01-02T03:45:00,297.429,307.396,1472.265,44.769,48.891,0.4656,0
M-200,2026-01-02T03:50:00,297.023,307.056,1470.736,41.076,49.655,0.3903,0
M-200,2026-01-02T03:55:00,296.516,306.879,1398.787,40.245,49.737,0.4732,0
M-200,2026-01-02T04:00:00,296.705,306.225,1551.482,42.657,49.335,0.4475,0
M-200,2026-01-02T04:05:00,297.281,306.787,1479.183,42.397,52.826,0.4604,0
M-200,2026-01-02T04:10:00,296.168,307.758,1494.705,48.095,50.895,0.4443,0
M-200,2026-01-02T04:15:00,296.517,307.359,1472.053,41.253,53.285,0.4597,0
M-200,2026-01-02T04:20:00,296.277,305.91,1448.487,39.98,52.989,0.3924,0
M-200,2026-01-02T04:25:00,296.807,306.574,1415.65,42.685,52.609,0.4398,0
M-200,2026-01-02T04:30:00,295.32,306.248,1553.14,44.194,55.096,0.4661,0
M-200,2026-01-02T04:35:00,296.238,306.851,1463.794,45.076,53.615,0.4053,0
M-200,2026-01-02T04:40:00,296.091,305.919,1490.057,41.804,54.328,0.4156,0
M-200,2026-01-02T04:45:00,295.324,306.391,1449.375,44.732,54.146,0.412,0
M-200,2026-01-02T04:50:00,295.53,306.905,1500.032,42.712,54.434,0.4629,0
M-200,2026-01-02T04:55:00,295.796,307.228,1492.028,43.285,53.393,0.4626,0
M-200,2026-01-02T05:00:00,294.672,304.947,1493.773,41.703,56.896,0.4918,0
M-200,2026-01-02T05:05:00,294.663,305.129,1389.298,42.732,56.185,0.4455,0
M-200,2026-01-02T05:10:00,296.282,306.552,1478.813,38.567,56.576,0.4704,0
M-200,2026-01-02T05:15:00,295.827,306.375,1443.374,47.741,58.055,0.4257,0
M-200,2026-01-02T05:20:00,294.704,305.19,1536.716,42.776,58.749,0.4809,0
M-200,2026-01-02T05:25:00,295.556,306.54,1475.0,39.432,58.737,0.4316,0
M-200,2026-01-02T05:30:00,295.821,304.765,1457.716,42.102,59.551,0.4462,0
M-200,2026-01-02T05:35:00,295.254,305.263,1510.004,45.105,58.124,0.4502,0
M-200,2026-01-02T05:40:00,295.681,305.216,1442.941,41.316,59.608,0.4382,0
M-200,2026-01-02T05:45:00,295.704,306.161,1427.758,43.429,59.337,0.4502,0
M-200,2026-01-02T05:50:00,295.627,304.879,1439.494,43.518,61.342,0.4913,0
M-200,2026-01-02T05:55:00,295.85,306.503,1478.833,44.582,59.286,0.4356,0
M-200,2026-01-02T06:00:00,294.8,304.431,1517.83,41.308,61.881,0.4477,0
M-200,2026-01-02T06:05:00,294.955,305.791,1460.067,44.276,61.114,0.4736,0
M-200,2026-01-02T06:10:00,295.906,306.908,1449.122,43.412,63.321,0.498,0
M-200,2026-01-02T06:15:00,295.042,305.848,1535.012,44.708,64.765,0.4724,0
M-200,2026-01-02T06:20:00,295.667,306.29,1479.728,43.458,63.782,0.4672,0
M-200,2026-01-02T06:25:00,296.229,307.953,1427.529,44.266,63.822,0.4421,0
M-200,2026-01-02T06:30:00,296.023,306.753,1532.094,44.046,65.577,0.502,0
M-200,2026-01-02T06:35:00,296.936,306.617,1529.953,40.843,63.156,0.4388,0
M-200,2026-01-02T06:40:00,296.118,306.66,1531.499,39.762,66.146,0.4983,0
M-200,2026-01-02T06:45:00,296.081,305.708,1512.477,38.349,66.508,0.4892,0
M-200,2026-01-02T06:50:00,296.289,306.619,1537.135,43.227,65.508,0.4471,0
M-200,2026-01-02T06:55:00,297.026,307.111,1484.021,43.16,66.993,0.4236,0
M-200,2026-01-02T07:00:00,295.422,307.336,1503.305,48.987,68.388,0.4401,0
M-200,2026-01-02T07:05:00,297.441,307.693,1475.675,44.229,68.397,0.4732,0
M-200,2026-01-02T07:10:00,296.127,307.013,1445.287,44.069,69.282,0.4882,0
M-200,2026-01-02T07:15:00,295.678,307.742,1515.076,42.174,69.273,0.4663,0
M-200,2026-01-02T07:20:00,296.752,307.902,1496.322,48.333,68.499,0.6725,0
M-200,2026-01-02T07:25:00,297.638,308.408,1474.791,49.822,69.962,0.6448,0
M-200,2026-01-02T07:30:00,297.389,308.003,1449.384,51.16,69.618,0.7986,1
M-200,2026-01-02T07:35:00,297.967,308.325,1408.427,53.702,69.762,0.6938,1
M-200,2026-01-02T07:40:00,298.508,308.17,1465.327,52.144,72.237,0.6551,1
M-200,2026-01-02T07:45:00,296.37,309.057,1442.671,48.849,71.919,0.6993,1
M-200,2026-01-02T07:50:00,297.484,309.255,1390.044,54.601,72.416,0.6904,1
M-200,2026-01-02T07:55:00,298.977,309.776,1430.412,51.444,72.837,0.7532,1
M-200,2026-01-02T08:00:00,297.518,308.442,1455.877,49.491,74.073,0.6201,0
M-200,2026-01-02T08:05:00,298.132,307.862,1440.135,49.356,73.983,0.7025,1
M-200,2026-01-02T08:10:00,298.564,309.162,1390.525,53.861,74.611,0.7131,1
M-200,2026-01-02T08:15:00,298.041,308.727,1457.215,51.893,74.923,0.7543,1
M-200,2026-01-02T08:20:00,297.107,309.036,1477.365,53.776,75.344,0.7336,1
M-200,2026-01-02T08:25:00,296.72,306.616,1477.405,42.633,75.469,0.4541,0
M-200,2026-01-02T08:30:00,296.559,306.527,1533.241,42.019,75.948,0.571,0
M-200,2026-01-02T08:35:00,296.63,306.408,1562.517,46.545,77.049,0.4976,0
M-200,2026-01-02T08:40:00,296.653,306.433,1552.927,45.846,76.653,0.4908,0
M-200,2026-01-02T08:45:00,295.939,307.433,1543.053,46.483,76.064,0.4392,0
M-200,2026-01-02T08:50:00,296.978,305.934,1499.114,44.775,79.302,0.4837,0
M-200,2026-01-02T08:55:00,296.177,306.638,1492.943,42.866,77.648,0.4765,0
M-200,2026-01-02T09:00:00,296.534,306.554,1482.484,44.402,79.96,0.4363,0
M-200,2026-01-02T09:05:00,296.224,306.661,1529.121,39.943,80.977,0.4365,0
M-200,2026-01-02T09:10:00,296.154,306.639,1477.988,45.713,81.274,0.5243,0
M-200,2026-01-02T09:15:00,295.949,305.173,1519.764,46.967,81.984,0.5169,0
M-200,2026-01-02T09:20:00,296.398,306.857,1546.104,42.317,81.12,0.4892,0
M-200,2026-01-02T09:25:00,295.996,305.577,1504.804,45.603,83.247,0.5025,0
M-200,2026-01-02T09:30:00,295.763,307.044,1457.573,43.037,83.22,0.5001,0
M-200,2026-01-02T09:35:00,295.025,305.287,1416.655,44.447,84.379,0.4683,1
M-200,2026-01-02T09:40:00,296.161,305.611,1495.035,43.686,83.615,0.5207,0
M-200,2026-01-02T09:45:00,295.37,305.824,1522.535,45.264,84.975,0.461,0
M-200,2026-01-02T09:50:00,295.112,306.711,1521.022,45.064,85.656,0.5089,0
M-200,2026-01-02T09:55:00,296.047,305.588,1492.72,46.33,85.291,0.4867,0
M-200,2026-01-02T10:00:00,294.988,305.129,1419.907,46.021,85.384,0.558,1
M-200,2026-01-02T10:05:00,294.729,306.17,1533.237,43.512,87.925,0.5113,0
M-200,2026-01-02T10:10:00,295.755,305.074,1490.155,40.965,84.992,0.5193,0
M-200,2026-01-02T10:15:00,295.17,305.019,1407.558,43.955,88.525,0.4919,1
M-200,2026-01-02T10:20:00,295.85,305.431,1445.367,43.238,86.449,0.5377,0
M-200,2026-01-02T10:25:00,295.537,306.084,1442.532,44.635,89.103,0.5148,0
M-200,2026-01-02T10:30:00,295.862,305.266,1501.3,45.755,88.53,0.4218,0
M-200,2026-01-02T10:35:00,293.968,305.397,1519.779,43.93,90.69,0.4693,0
M-300,2026-01-02T10:40:00,297.965,306.547,1579.515,44.235,8.906,0.3803,0
M-300,2026-01-02T10:45:00,296.907,308.32,1566.966,40.615,9.917,0.4057,0
M-300,2026-01-02T10:50:00,298.244,307.088,1598.793,44.332,10.137,0.3834,0
M-300,2026-01-02T10:55:00,297.155,307.23,1547.245,41.731,10.823,0.3541,0
M-300,2026-01-02T11:00:00,296.666,307.636,1513.341,42.548,11.62,0.4809,0
M-300,2026-01-02T11:05:00,297.851,307.109,1523.44,44.976,12.556,0.3919,0
M-300,2026-01-02T11:10:00,297.11,308.085,1526.909,44.918,13.908,0.4058,0
M-300,2026-01-02T11:15:00,297.691,307.891,1565.399,45.054,13.229,0.4212,0
M-300,2026-01-02T11:20:00,298.304,308.257,1538.582,44.773,13.57,0.4753,0
M-300,2026-01-02T11:25:00,298.328,307.321,1557.702,47.992,13.16,0.4383,0
M-300,2026-01-02T11:30:00,297.629,308.525,1541.932,42.878,15.171,0.4186,0
M-300,2026-01-02T11:35:00,297.542,308.062,1503.67,45.488,15.698,0.4446,0
M-300,2026-01-02T11:40:00,298.514,308.627,1565.384,45.318,16.232,0.4265,0
M-300,2026-01-02T11:45:00,299.213,308.322,1528.599,45.594,15.969,0.4363,0
M-300,2026-01-02T11:50:00,298.617,308.543,1513.116,47.239,15.595,0.4468,0
M-300,2026-01-02T11:55:00,298.975,308.991,1551.588,48.148,16.235,0.434,0
M-300,2026-01-02T12:00:00,297.624,308.93,1568.425,44.751,17.972,0.4086,0
M-300,2026-01-02T12:05:00,297.932,307.755,1499.885,45.989,18.63,0.3555,0
M-300,2026-01-02T12:10:00,297.683,309.303,1533.64,46.219,19.205,0.4227,0
M-300,2026-01-02T12:15:00,298.32,308.194,1585.17,42.598,19.614,0.4441,0
M-300,2026-01-02T12:20:00,298.24,309.566,1522.822,41.803,20.923,0.4078,0
M-300,2026-01-02T12:25:00,298.108,308.412,1509.374,46.534,21.16,0.4013,0
M-300,2026-01-02T12:30:00,299.357,308.498,1568.113,43.802,22.159,0.3856,0
M-300,2026-01-02T12:35:00,297.131,307.33,1606.919,45.436,20.897,0.449,0
M-300,2026-01-02T12:40:00,297.579,308.69,1544.355,46.035,21.691,0.4332,0
M-300,2026-01-02T12:45:00,296.84,306.834,1535.115,45.011,22.158,0.4013,0
M-300,2026-01-02T12:50:00,297.58,306.631,1510.971,45.815,22.966,0.4529,0
M-300,2026-01-02T12:55:00,297.572,308.44,1568.891,44.684,22.346,0.4262,0
M-300,2026-01-02T13:00:00,297.676,307.844,1562.395,45.225,23.371,0.4666,0
M-300,2026-01-02T13:05:00,297.783,308.15,1510.875,41.006,24.595,0.4906,0
M-300,2026-01-02T13:10:00,296.343,307.1,1564.729,44.395,25.257,0.4301,0
M-300,2026-01-02T13:15:00,296.645,306.953,1543.82,45.935,26.901,0.4633,0
M-300,2026-01-02T13:20:00,297.268,307.632,1526.101,45.214,26.911,0.4517,0
M-300,2026-01-02T13:25:00,297.524,307.582,1535.532,43.289,26.715,0.4501,0
M-300,2026-01-02T13:30:00,297.15,308.489,1514.538,46.008,26.972,0.4806,0
M-300,2026-01-02T13:35:00,298.278,306.861,1543.187,43.347,27.598,0.4391,0
M-300,2026-01-02T13:40:00,297.411,307.21,1574.987,44.921,28.249,0.4409,0
M-300,2026-01-02T13:45:00,297.122,306.526,1505.805,43.174,31.204,0.4843,0
M-300,2026-01-02T13:50:00,296.941,306.868,1555.015,43.283,28.636,0.4193,0
M-300,2026-01-02T13:55:00,297.173,307.063,1500.521,46.679,29.724,0.4312,0
M-300,2026-01-02T14:00:00,296.302,307.613,1550.598,46.51,29.478,0.4905,0
M-300,2026-01-02T14:05:00,295.867,306.368,1506.581,43.461,33.313,0.4276,0
M-300,2026-01-02T14:10:00,296.131,307.002,1529.822,46.286,30.7,0.4705,0
M-300,2026-01-02T14:15:00,296.596,308.075,1536.231,41.187,32.103,0.4277,0
M-300,2026-01-02T14:20:00,296.819,306.741,1511.792,49.634,30.259,0.4709,0
M-300,2026-01-02T14:25:00,296.313,306.237,1529.781,45.71,33.226,0.4041,0
M-300,2026-01-02T14:30:00,296.855,306.742,1500.473,44.126,32.82,0.4538,0
M-300,2026-01-02T14:35:00,297.209,307.563,1519.224,44.34,33.591,0.4736,0
M-300,2026-01-02T14:40:00,296.673,307.442,1564.526,48.226,34.611,0.5156,0
M-300,2026-01-02T14:45:00,296.961,307.037,1527.642,43.917,33.634,0.416,0
M-300,2026-01-02T14:50:00,296.578,307.153,1504.227,42.984,35.093,0.4702,0
M-300,2026-01-02T14:55:00,297.372,308.491,1542.767,46.493,35.651,0.4318,0
M-300,2026-01-02T15:00:00,297.98,306.71,1497.652,45.303,34.713,0.4598,0
M-300,2026-01-02T15:05:00,297.002,308.092,1507.18,42.358,35.597,0.4924,0
M-300,2026-01-02T15:10:00,296.891,306.499,1510.585,45.379,37.492,0.5025,0
M-300,2026-01-02T15:15:00,298.371,309.551,1374.601,57.333,36.463,0.7182,1
M-300,2026-01-02T15:20:00,298.199,309.296,1508.551,46.303,38.332,0.6255,0
M-300,2026-01-02T15:25:00,298.163,309.232,1508.229,54.084,38.638,0.6791,0
M-300,2026-01-02T15:30:00,298.226,309.494,1433.761,55.275,37.154,0.7461,1
M-300,2026-01-02T15:35:00,296.996,308.775,1529.245,53.983,39.627,0.6998,1
M-300,2026-01-02T15:40:00,298.332,309.7,1504.183,52.658,41.235,0.6651,0
M-300,2026-01-02T15:45:00,299.777,309.91,1430.384,53.831,41.197,0.7244,1
M-300,2026-01-02T15:50:00,298.487,310.311,1509.303,59.748,42.203,0.7055,1
M-300,2026-01-02T15:55:00,298.746,309.597,1436.733,49.162,40.993,0.7487,1
M-300,2026-01-02T16:00:00,298.271,310.524,1499.307,54.535,42.369,0.6641,0
M-300,2026-01-02T16:05:00,298.878,310.448,1491.642,54.025,43.326,0.705,1
M-300,2026-01-02T16:10:00,299.123,311.221,1470.946,55.031,42.712,0.7666,1
M-300,2026-01-02T16:15:00,299.077,308.696,1489.092,50.503,44.64,0.8125,1
M-300,2026-01-02T16:20:00,299.223,309.019,1447.132,52.34,44.169,0.6585,0
M-300,2026-01-02T16:25:00,298.876,311.445,1520.998,55.269,44.008,0.7205,1
M-300,2026-01-02T16:30:00,298.874,308.765,1475.365,56.045,46.479,0.7066,1
M-300,2026-01-02T16:35:00,297.619,309.501,1578.224,47.246,45.324,0.5002,0
M-300,2026-01-02T16:40:00,298.102,307.879,1475.347,46.169,45.963,0.4925,0
M-300,2026-01-02T16:45:00,298.845,309.512,1516.675,45.133,47.709,0.5003,0
M-300,2026-01-02T16:50:00,298.774,309.211,1537.623,44.038,49.532,0.5128,0
M-300,2026-01-02T16:55:00,297.801,308.43,1606.399,45.076,46.399,0.4103,0
M-300,2026-01-02T17:00:00,297.514,308.473,1546.934,45.338,48.504,0.511,0
M-300,2026-01-02T17:05:00,297.574,308.798,1527.673,42.339,46.967,0.5046,0
M-300,2026-01-02T17:10:00,297.788,307.142,1572.96,42.353,50.123,0.4995,0
M-300,2026-01-02T17:15:00,297.124,307.977,1540.818,44.527,48.613,0.5052,0
M-300,2026-01-02T17:20:00,298.245,308.328,1521.713,44.077,49.554,0.4398,0
M-300,2026-01-02T17:25:00,297.452,306.648,1526.195,44.049,50.791,0.5387,0
M-300,2026-01-02T17:30:00,296.792,308.644,1591.189,44.333,49.297,0.4698,0
M-300,2026-01-02T17:35:00,296.241,306.764,1532.588,49.494,52.116,0.4807,0
M-300,2026-01-02T17:40:00,298.078,309.046,1520.906,46.047,52.101,0.5484,0
M-300,2026-01-02T17:45:00,297.953,307.071,1543.351,45.505,50.978,0.463,0
M-300,2026-01-02T17:50:00,297.474,308.18,1533.894,46.235,52.017,0.5108,0
M-300,2026-01-02T17:55:00,297.663,307.976,1628.252,45.274,52.528,0.4808,0
M-300,2026-01-02T18:00:00,297.643,307.068,1521.741,47.381,54.769,0.4738,0
M-300,2026-01-02T18:05:00,297.181,307.895,1513.468,42.11,54.089,0.4399,0
M-300,2026-01-02T18:10:00,296.351,307.118,1491.861,44.604,53.741,0.4735,0
M-300,2026-01-02T18:15:00,297.747,307.527,1532.96,45.188,55.059,0.4861,0
M-300,2026-01-02T18:20:00,297.292,306.511,1532.69,41.784,56.328,0.5077,0
M-300,2026-01-02T18:25:00,296.773,308.08,1499.693,46.769,57.262,0.502,0
M-300,2026-01-02T18:30:00,296.826,306.998,1559.455,49.307,56.9,0.5024,0
M-300,2026-01-02T18:35:00,297.521,308.845,1427.473,57.732,58.315,0.8413,1
M-300,2026-01-02T18:40:00,296.676,308.019,1496.759,56.532,57.878,0.7816,1
M-300,2026-01-02T18:45:00,298.131,309.052,1485.463,58.728,59.509,0.7879,1
M-300,2026-01-02T18:50:00,297.684,307.944,1512.805,55.872,59.905,0.802,1
M-300,2026-01-02T18:55:00,297.527,308.307,1503.26,56.606,59.624,0.726,1
M-300,2026-01-02T19:00:00,298.834,308.178,1390.063,59.556,59.785,0.7981,1
M-300,2026-01-02T19:05:00,297.661,308.972,1434.337,57.943,60.43,0.795,1
M-300,2026-01-02T19:10:00,297.964,308.246,1490.275,53.546,61.245,0.7316,1
M-300,2026-01-02T19:15:00,298.257,308.677,1468.459,54.779,62.114,0.8054,1
M-300,2026-01-02T19:20:00,297.674,308.25,1525.555,51.661,61.954,0.7965,0
M-300,2026-01-02T19:25:00,297.921,308.235,1382.626,56.289,60.821,0.7681,1
M-300,2026-01-02T19:30:00,298.486,309.423,1508.642,56.226,60.901,0.781,1
M-300,2026-01-02T19:35:00,298.999,309.316,1424.524,56.036,64.828,0.7999,1
M-300,2026-01-02T19:40:00,298.386,310.081,1480.959,58.729,62.19,0.7874,1
M-300,2026-01-02T19:45:00,297.346,306.815,1500.992,49.363,64.427,0.5571,0
M-300,2026-01-02T19:50:00,297.73,307.344,1547.845,47.573,64.009,0.545,0
M-300,2026-01-02T19:55:00,298.037,307.678,1559.075,44.79,65.583,0.5828,0
M-300,2026-01-02T20:00:00,297.719,306.626,1509.746,49.382,66.47,0.5283,0
M-300,2026-01-02T20:05:00,297.965,307.364,1589.266,46.39,64.586,0.5224,0
M-300,2026-01-02T20:10:00,296.966,307.194,1534.324,48.547,68.179,0.4828,0
M-300,2026-01-02T20:15:00,297.979,307.527,1528.79,42.548,65.832,0.4981,0
M-300,2026-01-02T20:20:00,298.102,307.523,1601.812,45.214,67.992,0.5019,0
M-300,2026-01-02T20:25:00,297.768,307.747,1539.612,49.778,70.037,0.5701,0
M-300,2026-01-02T20:30:00,297.688,308.22,1511.7,46.605,68.183,0.5229,0
M-300,2026-01-02T20:35:00,298.43,308.051,1539.83,48.287,70.64,0.5096,0
M-300,2026-01-02T20:40:00,298.468,308.743,1464.838,56.007,70.589,0.7024,1
M-300,2026-01-02T20:45:00,298.419,309.767,1572.978,51.759,72.14,0.6889,0
M-300,2026-01-02T20:50:00,298.427,309.84,1459.52,55.881,72.287,0.7536,1
M-300,2026-01-02T20:55:00,299.302,309.497,1446.193,55.689,71.32,0.7735,1
M-300,2026-01-02T21:00:00,298.727,309.303,1491.735,52.819,71.577,0.6892,0
M-300,2026-01-02T21:05:00,299.611,309.494,1508.614,53.6,73.191,0.7587,1
M-300,2026-01-02T21:10:00,299.254,308.927,1497.777,58.095,74.566,0.7796,1
M-300,2026-01-02T21:15:00,298.74,309.308,1476.937,52.716,74.496,0.8149,1
M-300,2026-01-02T21:20:00,297.647,308.829,1465.835,52.872,75.287,0.7045,1
M-300,2026-01-02T21:25:00,299.353,310.08,1496.867,55.101,75.899,0.7268,1
M-300,2026-01-02T21:30:00,298.34,310.459,1522.953,55.898,75.857,0.7833,1
M-300,2026-01-02T21:35:00,297.494,310.304,1466.998,56.525,75.9,0.8458,1
M-300,2026-01-02T21:40:00,297.991,309.392,1502.721,53.29,75.925,0.7215,1
M-300,2026-01-02T21:45:00,297.284,308.527,1594.768,43.285,77.539,0.545,0
M-300,2026-01-02T21:50:00,297.634,307.815,1542.832,51.107,76.415,0.4996,0
M-300,2026-01-02T21:55:00,297.074,309.322,1531.622,46.997,76.33,0.5253,0
M-300,2026-01-02T22:00:00,297.608,309.681,1595.467,45.206,77.056,0.5581,0
M-300,2026-01-02T22:05:00,296.703,308.732,1586.206,49.408,77.668,0.5257,0
M-300,2026-01-02T22:10:00,298.032,308.264,1530.614,43.591,78.833,0.5453,0
M-300,2026-01-02T22:15:00,296.898,308.318,1554.73,48.873,80.579,0.5712,0
M-300,2026-01-02T22:20:00,296.602,307.517,1572.941,45.98,79.306,0.5219,0
M-300,2026-01-02T22:25:00,298.389,308.233,1567.442,49.276,78.679,0.5589,0
M-300,2026-01-02T22:30:00,297.268,307.381,1631.379,48.453,80.756,0.5314,0
M-300,2026-01-02T22:35:00,296.736,308.441,1514.703,48.381,81.965,0.5795,0
M-300,2026-01-02T22:40:00,297.279,307.447,1534.57,46.027,82.385,0.5348,0
M-300,2026-01-02T22:45:00,297.105,306.875,1517.222,49.78,83.98,0.5714,0
M-300,2026-01-02T22:50:00,296.963,307.601,1511.573,46.771,83.56,0.5795,0
M-300,2026-01-02T22:55:00,296.509,306.66,1536.78,51.172,84.374,0.4944,0
M-300,2026-01-02T23:00:00,296.24,306.715,1519.185,46.446,84.278,0.5357,0
M-300,2026-01-02T23:05:00,296.656,306.148,1558.299,49.037,84.507,0.5774,0
M-300,2026-01-02T23:10:00,297.073,307.369,1494.087,47.359,83.459,0.5467,0
M-300,2026-01-02T23:15:00,297.932,305.912,1616.762,45.48,87.342,0.5866,0
M-300,2026-01-02T23:20:00,296.297,307.163,1525.137,48.698,86.97,0.5635,0
M-300,2026-01-02T23:25:00,296.865,306.734,1566.825,48.785,87.696,0.5798,0
M-300,2026-01-02T23:30:00,296.234,306.472,1506.439,49.183,86.335,0.5847,0
M-300,2026-01-02T23:35:00,297.588,307.623,1536.538,45.686,87.345,0.6045,0
M-300,2026-01-02T23:40:00,296.87,306.598,1496.875,44.287,87.939,0.5773,0
M-300,2026-01-02T23:45:00,298.491,306.161,1484.156,48.631,87.717,0.6038,0
M-300,2026-01-02T23:50:00,297.138,305.728,1504.744,45.201,89.065,0.5035,0
M-300,2026-01-02T23:55:00,295.611,306.074,1510.09,45.756,89.617,0.5732,0
